,Logistic Regression,Naive Bayes,KNN,SVM,Decision Tree,Random Forest,Extra Trees,XGBoost,LightGBM
Accuracy,0.9026666666666666,0.8166666666666667,0.8333333333333334,0.916,0.974,0.9746666666666667,0.9373333333333334,0.9946666666666667,0.994
Precision,0.8897535667963683,0.7350597609561753,0.8198198198198198,0.9037711313394018,0.9758064516129032,0.979702300405954,0.9324503311258279,0.9946452476572959,0.9946380697050938
Recall,0.9183400267737617,0.9879518072289156,0.8527443105756358,0.9303882195448461,0.9718875502008032,0.9692101740294511,0.9424364123159303,0.9946452476572959,0.9933065595716198
F1-Score,0.903820816864295,0.8429468874928612,0.8359580052493437,0.9168865435356199,0.9738430583501007,0.9744279946164198,0.9374167776298269,0.9946452476572959,0.9939718687206966
AUC ROC,0.9681950466763022,0.9460364699168519,0.9156342057028468,0.9751987142905397,0.9739915838653419,0.9976764072669607,0.9851828740370957,0.9998791091768578,0.9998311084088457
Gini,0.9363900933526044,0.8920729398337037,0.8312684114056936,0.9503974285810795,0.9479831677306838,0.9953528145339214,0.9703657480741914,0.9997582183537157,0.9996622168176914
